{"stats":{"minecraft:killed":{"minecraft:skeleton":1,"minecraft:sheep":3,"minecraft:horse":5,"cave_dweller:cave_dweller":1,"minecraft:creeper":2,"minecraft:enderman":1,"minecraft:cow":3},"minecraft:dropped":{"minecraft:wheat_seeds":1},"minecraft:custom":{"minecraft:time_since_rest":23295,"minecraft:crouch_one_cm":514,"tombstone:undead_killed":1,"minecraft:play_time":29613,"minecraft:sprint_one_cm":44644,"minecraft:walk_one_cm":31559,"minecraft:damage_taken":280,"minecraft:deaths":1,"minecraft:sneak_time":237,"minecraft:mob_kills":16,"minecraft:drop":1,"minecraft:jump":322,"minecraft:damage_dealt":2210,"minecraft:time_since_death":23894,"minecraft:walk_on_water_one_cm":30,"minecraft:total_world_time":29613,"minecraft:fall_one_cm":4707,"minecraft:fly_one_cm":139405},"minecraft:used":{"minecraft:torch":4,"create_sa:brass_sword":2,"minecraft:flint_and_steel":16,"tombstone:gift":5,"jeg:holy_shotgun":25,"minecraft:splash_potion":2},"minecraft:killed_by":{"cave_dweller:cave_dweller":1},"minecraft:picked_up":{"minecraft:bone":2,"minecraft:leather":6,"minecraft:wheat_seeds":1,"minecraft:beef":3,"minecraft:gunpowder":1,"minecraft:mutton":1,"minecraft:white_wool":2},"minecraft:mined":{"minecraft:grass":2,"minecraft:tall_grass":1}},"DataVersion":3120}