{"stats":{"minecraft:killed":{"minecraft:sheep":3,"minecraft:horse":5,"minecraft:skeleton":1,"cave_dweller:cave_dweller":1,"minecraft:creeper":2,"minecraft:enderman":1,"minecraft:cow":3},"minecraft:dropped":{"minecraft:wheat_seeds":1},"minecraft:custom":{"minecraft:time_since_rest":9714,"minecraft:crouch_one_cm":514,"minecraft:damage_taken":280,"minecraft:play_time":41471,"minecraft:sprint_one_cm":51376,"minecraft:walk_one_cm":34480,"tombstone:undead_killed":1,"minecraft:deaths":3,"minecraft:sneak_time":237,"minecraft:mob_kills":16,"minecraft:drop":1,"minecraft:jump":383,"minecraft:damage_dealt":2210,"minecraft:leave_game":1,"minecraft:time_since_death":9805,"minecraft:walk_on_water_one_cm":30,"minecraft:total_world_time":41471,"minecraft:fall_one_cm":4707,"minecraft:fly_one_cm":160697},"minecraft:used":{"create_sa:brass_sword":2,"minecraft:torch":4,"minecraft:flint_and_steel":16,"tombstone:gift":15,"jeg:holy_shotgun":25,"minecraft:splash_potion":2},"minecraft:killed_by":{"cave_dweller:cave_dweller":1},"minecraft:picked_up":{"minecraft:bone":2,"minecraft:leather":6,"minecraft:wheat_seeds":1,"minecraft:beef":3,"minecraft:gunpowder":1,"minecraft:mutton":1,"minecraft:white_wool":2},"minecraft:mined":{"minecraft:grass":2,"minecraft:tall_grass":1}},"DataVersion":3120}